--------------------------------------------------------
--  파일이 생성됨 - 수요일-2월-21-2018   
--------------------------------------------------------
--------------------------------------------------------
--  DDL for Table BLOG
--------------------------------------------------------

  CREATE TABLE "BLOG" 
   (	"USERNO" NUMBER, 
	"BLOGTITLE" VARCHAR2(200 BYTE), 
	"LOGOFILE" VARCHAR2(200 BYTE)
   ) SEGMENT CREATION IMMEDIATE 
  PCTFREE 10 PCTUSED 40 INITRANS 1 MAXTRANS 255 NOCOMPRESS LOGGING
  STORAGE(INITIAL 65536 NEXT 1048576 MINEXTENTS 1 MAXEXTENTS 2147483645
  PCTINCREASE 0 FREELISTS 1 FREELIST GROUPS 1 BUFFER_POOL DEFAULT FLASH_CACHE DEFAULT CELL_FLASH_CACHE DEFAULT)
  TABLESPACE "SYSTEM" ;
--------------------------------------------------------
--  DDL for Table BLOGS
--------------------------------------------------------

  CREATE TABLE "BLOGS" 
   (	"USERNO" NUMBER, 
	"BLOGTITLE" VARCHAR2(200 BYTE), 
	"LOGOFILE" VARCHAR2(200 BYTE)
   ) SEGMENT CREATION IMMEDIATE 
  PCTFREE 10 PCTUSED 40 INITRANS 1 MAXTRANS 255 NOCOMPRESS LOGGING
  STORAGE(INITIAL 65536 NEXT 1048576 MINEXTENTS 1 MAXEXTENTS 2147483645
  PCTINCREASE 0 FREELISTS 1 FREELIST GROUPS 1 BUFFER_POOL DEFAULT FLASH_CACHE DEFAULT CELL_FLASH_CACHE DEFAULT)
  TABLESPACE "SYSTEM" ;
--------------------------------------------------------
--  DDL for Table CATEGORY
--------------------------------------------------------

  CREATE TABLE "CATEGORY" 
   (	"CATENO" NUMBER, 
	"USERNO" NUMBER, 
	"CATENAME" VARCHAR2(200 BYTE), 
	"DESCRIPTION" VARCHAR2(500 BYTE), 
	"REGDATE" DATE
   ) SEGMENT CREATION IMMEDIATE 
  PCTFREE 10 PCTUSED 40 INITRANS 1 MAXTRANS 255 NOCOMPRESS LOGGING
  STORAGE(INITIAL 65536 NEXT 1048576 MINEXTENTS 1 MAXEXTENTS 2147483645
  PCTINCREASE 0 FREELISTS 1 FREELIST GROUPS 1 BUFFER_POOL DEFAULT FLASH_CACHE DEFAULT CELL_FLASH_CACHE DEFAULT)
  TABLESPACE "SYSTEM" ;
--------------------------------------------------------
--  DDL for Table COMMENTS
--------------------------------------------------------

  CREATE TABLE "COMMENTS" 
   (	"CMTNO" NUMBER, 
	"POSTNO" NUMBER, 
	"CMTCONTENT" VARCHAR2(1000 BYTE), 
	"REGDATE" DATE, 
	"CMTNAME" VARCHAR2(50 BYTE)
   ) SEGMENT CREATION IMMEDIATE 
  PCTFREE 10 PCTUSED 40 INITRANS 1 MAXTRANS 255 NOCOMPRESS LOGGING
  STORAGE(INITIAL 65536 NEXT 1048576 MINEXTENTS 1 MAXEXTENTS 2147483645
  PCTINCREASE 0 FREELISTS 1 FREELIST GROUPS 1 BUFFER_POOL DEFAULT FLASH_CACHE DEFAULT CELL_FLASH_CACHE DEFAULT)
  TABLESPACE "SYSTEM" ;
--------------------------------------------------------
--  DDL for Table POST
--------------------------------------------------------

  CREATE TABLE "POST" 
   (	"POSTNO" NUMBER, 
	"CATENO" NUMBER, 
	"POSTTITLE" VARCHAR2(300 BYTE), 
	"POSTCONTENT" VARCHAR2(4000 BYTE), 
	"REGDATE" DATE
   ) SEGMENT CREATION IMMEDIATE 
  PCTFREE 10 PCTUSED 40 INITRANS 1 MAXTRANS 255 NOCOMPRESS LOGGING
  STORAGE(INITIAL 65536 NEXT 1048576 MINEXTENTS 1 MAXEXTENTS 2147483645
  PCTINCREASE 0 FREELISTS 1 FREELIST GROUPS 1 BUFFER_POOL DEFAULT FLASH_CACHE DEFAULT CELL_FLASH_CACHE DEFAULT)
  TABLESPACE "SYSTEM" ;
--------------------------------------------------------
--  DDL for Table USERS
--------------------------------------------------------

  CREATE TABLE "USERS" 
   (	"USERNO" NUMBER, 
	"ID" VARCHAR2(50 BYTE), 
	"USERNAME" VARCHAR2(100 BYTE), 
	"PASSWORD" VARCHAR2(50 BYTE), 
	"JOINDATE" DATE
   ) SEGMENT CREATION IMMEDIATE 
  PCTFREE 10 PCTUSED 40 INITRANS 1 MAXTRANS 255 NOCOMPRESS LOGGING
  STORAGE(INITIAL 65536 NEXT 1048576 MINEXTENTS 1 MAXEXTENTS 2147483645
  PCTINCREASE 0 FREELISTS 1 FREELIST GROUPS 1 BUFFER_POOL DEFAULT FLASH_CACHE DEFAULT CELL_FLASH_CACHE DEFAULT)
  TABLESPACE "SYSTEM" ;
--------------------------------------------------------
--  DDL for Sequence SEQ_CATEGORY_NO
--------------------------------------------------------

   CREATE SEQUENCE  "SEQ_CATEGORY_NO"  MINVALUE 1 MAXVALUE 9999999999999999999999999999 INCREMENT BY 1 START WITH 61 CACHE 20 NOORDER  NOCYCLE ;
--------------------------------------------------------
--  DDL for Sequence SEQ_COMMENTS_NO
--------------------------------------------------------

   CREATE SEQUENCE  "SEQ_COMMENTS_NO"  MINVALUE 1 MAXVALUE 9999999999999999999999999999 INCREMENT BY 1 START WITH 41 CACHE 20 NOORDER  NOCYCLE ;
--------------------------------------------------------
--  DDL for Sequence SEQ_POST_NO
--------------------------------------------------------

   CREATE SEQUENCE  "SEQ_POST_NO"  MINVALUE 1 MAXVALUE 9999999999999999999999999999 INCREMENT BY 1 START WITH 21 CACHE 20 NOORDER  NOCYCLE ;
--------------------------------------------------------
--  DDL for Sequence SEQ_USERS_NO
--------------------------------------------------------

   CREATE SEQUENCE  "SEQ_USERS_NO"  MINVALUE 1 MAXVALUE 9999999999999999999999999999 INCREMENT BY 1 START WITH 81 CACHE 20 NOORDER  NOCYCLE ;
REM INSERTING into BLOG
SET DEFINE OFF;
Insert into BLOG (USERNO,BLOGTITLE,LOGOFILE) values (31,'2','e1a4f28e-601c-48b6-b8d6-8e54c6659dde.jpg');
Insert into BLOG (USERNO,BLOGTITLE,LOGOFILE) values (36,'36의 블로그입니다.',null);
Insert into BLOG (USERNO,BLOGTITLE,LOGOFILE) values (29,'우왕','6d306d65-eda6-452b-add5-9f8f114b61b6.png');
Insert into BLOG (USERNO,BLOGTITLE,LOGOFILE) values (37,'37의 블로그입니다.',null);
Insert into BLOG (USERNO,BLOGTITLE,LOGOFILE) values (38,'6의 블로그입니다.',null);
Insert into BLOG (USERNO,BLOGTITLE,LOGOFILE) values (39,'56의 블로그입니다.',null);
Insert into BLOG (USERNO,BLOGTITLE,LOGOFILE) values (40,'2134의 블로그입니다.',null);
Insert into BLOG (USERNO,BLOGTITLE,LOGOFILE) values (42,'12의 블로그입니다.',null);
Insert into BLOG (USERNO,BLOGTITLE,LOGOFILE) values (43,'e의 블로그입니다.',null);
Insert into BLOG (USERNO,BLOGTITLE,LOGOFILE) values (44,'ee의 블로그입니다.',null);
Insert into BLOG (USERNO,BLOGTITLE,LOGOFILE) values (45,'222의 블로그입니다.',null);
Insert into BLOG (USERNO,BLOGTITLE,LOGOFILE) values (46,'22222의 블로그입니다.',null);
Insert into BLOG (USERNO,BLOGTITLE,LOGOFILE) values (48,'23의 블로그입니다.',null);
Insert into BLOG (USERNO,BLOGTITLE,LOGOFILE) values (49,'aset의 블로그입니다.',null);
Insert into BLOG (USERNO,BLOGTITLE,LOGOFILE) values (61,'21의 블로그입니다.',null);
REM INSERTING into BLOGS
SET DEFINE OFF;
REM INSERTING into CATEGORY
SET DEFINE OFF;
Insert into CATEGORY (CATENO,USERNO,CATENAME,DESCRIPTION,REGDATE) values (1,29,'미분류',null,to_date('18/02/14','RR/MM/DD'));
Insert into CATEGORY (CATENO,USERNO,CATENAME,DESCRIPTION,REGDATE) values (2,29,'2','2',to_date('18/02/19','RR/MM/DD'));
Insert into CATEGORY (CATENO,USERNO,CATENAME,DESCRIPTION,REGDATE) values (3,31,'미분류',null,to_date('18/02/19','RR/MM/DD'));
Insert into CATEGORY (CATENO,USERNO,CATENAME,DESCRIPTION,REGDATE) values (4,31,'2','2',to_date('18/02/19','RR/MM/DD'));
Insert into CATEGORY (CATENO,USERNO,CATENAME,DESCRIPTION,REGDATE) values (9,37,'미분류',null,to_date('18/02/19','RR/MM/DD'));
Insert into CATEGORY (CATENO,USERNO,CATENAME,DESCRIPTION,REGDATE) values (6,31,'134',null,to_date('18/02/19','RR/MM/DD'));
Insert into CATEGORY (CATENO,USERNO,CATENAME,DESCRIPTION,REGDATE) values (7,29,'나도분류해야지','야호',to_date('18/02/19','RR/MM/DD'));
Insert into CATEGORY (CATENO,USERNO,CATENAME,DESCRIPTION,REGDATE) values (8,36,'미분류',null,to_date('18/02/19','RR/MM/DD'));
Insert into CATEGORY (CATENO,USERNO,CATENAME,DESCRIPTION,REGDATE) values (10,38,'미분류',null,to_date('18/02/19','RR/MM/DD'));
Insert into CATEGORY (CATENO,USERNO,CATENAME,DESCRIPTION,REGDATE) values (11,31,'2','2',to_date('18/02/19','RR/MM/DD'));
Insert into CATEGORY (CATENO,USERNO,CATENAME,DESCRIPTION,REGDATE) values (18,39,'미분류',null,to_date('18/02/20','RR/MM/DD'));
Insert into CATEGORY (CATENO,USERNO,CATENAME,DESCRIPTION,REGDATE) values (13,31,'4','4',to_date('18/02/19','RR/MM/DD'));
Insert into CATEGORY (CATENO,USERNO,CATENAME,DESCRIPTION,REGDATE) values (17,31,'2','2',to_date('18/02/20','RR/MM/DD'));
Insert into CATEGORY (CATENO,USERNO,CATENAME,DESCRIPTION,REGDATE) values (15,31,'5','5',to_date('18/02/19','RR/MM/DD'));
Insert into CATEGORY (CATENO,USERNO,CATENAME,DESCRIPTION,REGDATE) values (16,31,'as','as',to_date('18/02/19','RR/MM/DD'));
Insert into CATEGORY (CATENO,USERNO,CATENAME,DESCRIPTION,REGDATE) values (19,40,'미분류',null,to_date('18/02/20','RR/MM/DD'));
Insert into CATEGORY (CATENO,USERNO,CATENAME,DESCRIPTION,REGDATE) values (20,42,'미분류',null,to_date('18/02/20','RR/MM/DD'));
Insert into CATEGORY (CATENO,USERNO,CATENAME,DESCRIPTION,REGDATE) values (21,31,'13','13',to_date('18/02/20','RR/MM/DD'));
Insert into CATEGORY (CATENO,USERNO,CATENAME,DESCRIPTION,REGDATE) values (22,31,'14','14',to_date('18/02/20','RR/MM/DD'));
Insert into CATEGORY (CATENO,USERNO,CATENAME,DESCRIPTION,REGDATE) values (23,31,'15','15',to_date('18/02/20','RR/MM/DD'));
Insert into CATEGORY (CATENO,USERNO,CATENAME,DESCRIPTION,REGDATE) values (29,43,'미분류',null,to_date('18/02/20','RR/MM/DD'));
Insert into CATEGORY (CATENO,USERNO,CATENAME,DESCRIPTION,REGDATE) values (28,31,'18','18',to_date('18/02/20','RR/MM/DD'));
Insert into CATEGORY (CATENO,USERNO,CATENAME,DESCRIPTION,REGDATE) values (30,44,'미분류',null,to_date('18/02/20','RR/MM/DD'));
Insert into CATEGORY (CATENO,USERNO,CATENAME,DESCRIPTION,REGDATE) values (27,31,'17','17',to_date('18/02/20','RR/MM/DD'));
Insert into CATEGORY (CATENO,USERNO,CATENAME,DESCRIPTION,REGDATE) values (31,45,'미분류',null,to_date('18/02/20','RR/MM/DD'));
Insert into CATEGORY (CATENO,USERNO,CATENAME,DESCRIPTION,REGDATE) values (32,46,'미분류',null,to_date('18/02/20','RR/MM/DD'));
Insert into CATEGORY (CATENO,USERNO,CATENAME,DESCRIPTION,REGDATE) values (33,48,'미분류',null,to_date('18/02/20','RR/MM/DD'));
Insert into CATEGORY (CATENO,USERNO,CATENAME,DESCRIPTION,REGDATE) values (34,49,'미분류',null,to_date('18/02/20','RR/MM/DD'));
Insert into CATEGORY (CATENO,USERNO,CATENAME,DESCRIPTION,REGDATE) values (41,61,'미분류',null,to_date('18/02/21','RR/MM/DD'));
REM INSERTING into COMMENTS
SET DEFINE OFF;
Insert into COMMENTS (CMTNO,POSTNO,CMTCONTENT,REGDATE,CMTNAME) values (99,1,'9',to_date('18/02/20','RR/MM/DD'),'9');
Insert into COMMENTS (CMTNO,POSTNO,CMTCONTENT,REGDATE,CMTNAME) values (8,1,'8',to_date('18/02/20','RR/MM/DD'),'8');
Insert into COMMENTS (CMTNO,POSTNO,CMTCONTENT,REGDATE,CMTNAME) values (5,1,'9',to_date('18/02/20','RR/MM/DD'),'9');
Insert into COMMENTS (CMTNO,POSTNO,CMTCONTENT,REGDATE,CMTNAME) values (6,15,'1',to_date('18/02/20','RR/MM/DD'),'1');
Insert into COMMENTS (CMTNO,POSTNO,CMTCONTENT,REGDATE,CMTNAME) values (7,15,'2',to_date('18/02/20','RR/MM/DD'),'2');
Insert into COMMENTS (CMTNO,POSTNO,CMTCONTENT,REGDATE,CMTNAME) values (9,15,'3',to_date('18/02/20','RR/MM/DD'),'3');
Insert into COMMENTS (CMTNO,POSTNO,CMTCONTENT,REGDATE,CMTNAME) values (10,15,'4',to_date('18/02/20','RR/MM/DD'),'4');
Insert into COMMENTS (CMTNO,POSTNO,CMTCONTENT,REGDATE,CMTNAME) values (11,15,'5',to_date('18/02/20','RR/MM/DD'),'5');
Insert into COMMENTS (CMTNO,POSTNO,CMTCONTENT,REGDATE,CMTNAME) values (12,15,'6',to_date('18/02/20','RR/MM/DD'),'6');
Insert into COMMENTS (CMTNO,POSTNO,CMTCONTENT,REGDATE,CMTNAME) values (21,15,'7',to_date('18/02/21','RR/MM/DD'),'7');
Insert into COMMENTS (CMTNO,POSTNO,CMTCONTENT,REGDATE,CMTNAME) values (22,15,'8',to_date('18/02/21','RR/MM/DD'),'8');
Insert into COMMENTS (CMTNO,POSTNO,CMTCONTENT,REGDATE,CMTNAME) values (23,14,'9',to_date('18/02/21','RR/MM/DD'),'9');
Insert into COMMENTS (CMTNO,POSTNO,CMTCONTENT,REGDATE,CMTNAME) values (24,15,'9',to_date('18/02/21','RR/MM/DD'),'9');
Insert into COMMENTS (CMTNO,POSTNO,CMTCONTENT,REGDATE,CMTNAME) values (25,15,'10',to_date('18/02/21','RR/MM/DD'),'10');
Insert into COMMENTS (CMTNO,POSTNO,CMTCONTENT,REGDATE,CMTNAME) values (26,15,'11',to_date('18/02/21','RR/MM/DD'),'11');
Insert into COMMENTS (CMTNO,POSTNO,CMTCONTENT,REGDATE,CMTNAME) values (27,15,'12',to_date('18/02/21','RR/MM/DD'),'12');
Insert into COMMENTS (CMTNO,POSTNO,CMTCONTENT,REGDATE,CMTNAME) values (28,15,'3',to_date('18/02/21','RR/MM/DD'),'13');
Insert into COMMENTS (CMTNO,POSTNO,CMTCONTENT,REGDATE,CMTNAME) values (29,15,'1',to_date('18/02/21','RR/MM/DD'),'1');
Insert into COMMENTS (CMTNO,POSTNO,CMTCONTENT,REGDATE,CMTNAME) values (30,15,'2',to_date('18/02/21','RR/MM/DD'),'2');
Insert into COMMENTS (CMTNO,POSTNO,CMTCONTENT,REGDATE,CMTNAME) values (31,15,'2',to_date('18/02/21','RR/MM/DD'),'2');
Insert into COMMENTS (CMTNO,POSTNO,CMTCONTENT,REGDATE,CMTNAME) values (32,15,'3',to_date('18/02/21','RR/MM/DD'),'3');
Insert into COMMENTS (CMTNO,POSTNO,CMTCONTENT,REGDATE,CMTNAME) values (33,14,'4',to_date('18/02/21','RR/MM/DD'),'4');
REM INSERTING into POST
SET DEFINE OFF;
Insert into POST (POSTNO,CATENO,POSTTITLE,POSTCONTENT,REGDATE) values (1,2,'hi','hi',to_date('18/02/19','RR/MM/DD'));
Insert into POST (POSTNO,CATENO,POSTTITLE,POSTCONTENT,REGDATE) values (2,7,'ㅎㅎㅎㅎ 첫글이다다다 야호','안녕하세요 박재현입니다.',to_date('18/02/19','RR/MM/DD'));
Insert into POST (POSTNO,CATENO,POSTTITLE,POSTCONTENT,REGDATE) values (3,6,'1','1',to_date('18/02/19','RR/MM/DD'));
Insert into POST (POSTNO,CATENO,POSTTITLE,POSTCONTENT,REGDATE) values (4,6,'2','2',to_date('18/02/19','RR/MM/DD'));
Insert into POST (POSTNO,CATENO,POSTTITLE,POSTCONTENT,REGDATE) values (5,6,'3','3',to_date('18/02/19','RR/MM/DD'));
Insert into POST (POSTNO,CATENO,POSTTITLE,POSTCONTENT,REGDATE) values (6,4,'4','4',to_date('18/02/19','RR/MM/DD'));
Insert into POST (POSTNO,CATENO,POSTTITLE,POSTCONTENT,REGDATE) values (7,4,'5','5',to_date('18/02/19','RR/MM/DD'));
Insert into POST (POSTNO,CATENO,POSTTITLE,POSTCONTENT,REGDATE) values (8,13,'4','44',to_date('18/02/20','RR/MM/DD'));
Insert into POST (POSTNO,CATENO,POSTTITLE,POSTCONTENT,REGDATE) values (9,16,'66','66',to_date('18/02/20','RR/MM/DD'));
Insert into POST (POSTNO,CATENO,POSTTITLE,POSTCONTENT,REGDATE) values (10,28,'18','18',to_date('18/02/20','RR/MM/DD'));
Insert into POST (POSTNO,CATENO,POSTTITLE,POSTCONTENT,REGDATE) values (11,28,'1234','1234',to_date('18/02/20','RR/MM/DD'));
Insert into POST (POSTNO,CATENO,POSTTITLE,POSTCONTENT,REGDATE) values (12,28,'3','엔<br>터<br>엔<br>터<br>',to_date('18/02/20','RR/MM/DD'));
Insert into POST (POSTNO,CATENO,POSTTITLE,POSTCONTENT,REGDATE) values (13,28,'d','ㅇ<br>ㅇ<br>ㅇ<br>',to_date('18/02/20','RR/MM/DD'));
Insert into POST (POSTNO,CATENO,POSTTITLE,POSTCONTENT,REGDATE) values (14,28,'2','ㄷㄷ
ㄷ
ㄷ
',to_date('18/02/20','RR/MM/DD'));
Insert into POST (POSTNO,CATENO,POSTTITLE,POSTCONTENT,REGDATE) values (15,28,'a','a<br>a<br>a<br>',to_date('18/02/20','RR/MM/DD'));
REM INSERTING into USERS
SET DEFINE OFF;
Insert into USERS (USERNO,ID,USERNAME,PASSWORD,JOINDATE) values (33,'3','3','3',to_date('18/02/19','RR/MM/DD'));
Insert into USERS (USERNO,ID,USERNAME,PASSWORD,JOINDATE) values (34,'99','99','99',to_date('18/02/19','RR/MM/DD'));
Insert into USERS (USERNO,ID,USERNAME,PASSWORD,JOINDATE) values (36,'4','4','4',to_date('18/02/19','RR/MM/DD'));
Insert into USERS (USERNO,ID,USERNAME,PASSWORD,JOINDATE) values (37,'5','5','5',to_date('18/02/19','RR/MM/DD'));
Insert into USERS (USERNO,ID,USERNAME,PASSWORD,JOINDATE) values (38,'6','6','6',to_date('18/02/19','RR/MM/DD'));
Insert into USERS (USERNO,ID,USERNAME,PASSWORD,JOINDATE) values (39,'56','5','56',to_date('18/02/20','RR/MM/DD'));
Insert into USERS (USERNO,ID,USERNAME,PASSWORD,JOINDATE) values (40,'2134','2','e',to_date('18/02/20','RR/MM/DD'));
Insert into USERS (USERNO,ID,USERNAME,PASSWORD,JOINDATE) values (42,'12','12','12',to_date('18/02/20','RR/MM/DD'));
Insert into USERS (USERNO,ID,USERNAME,PASSWORD,JOINDATE) values (43,'e','e','e',to_date('18/02/20','RR/MM/DD'));
Insert into USERS (USERNO,ID,USERNAME,PASSWORD,JOINDATE) values (44,'ee','e','er',to_date('18/02/20','RR/MM/DD'));
Insert into USERS (USERNO,ID,USERNAME,PASSWORD,JOINDATE) values (45,'222','2','2',to_date('18/02/20','RR/MM/DD'));
Insert into USERS (USERNO,ID,USERNAME,PASSWORD,JOINDATE) values (46,'22222','2','22',to_date('18/02/20','RR/MM/DD'));
Insert into USERS (USERNO,ID,USERNAME,PASSWORD,JOINDATE) values (48,'23','123','213',to_date('18/02/20','RR/MM/DD'));
Insert into USERS (USERNO,ID,USERNAME,PASSWORD,JOINDATE) values (49,'aset','ast','e',to_date('18/02/20','RR/MM/DD'));
Insert into USERS (USERNO,ID,USERNAME,PASSWORD,JOINDATE) values (61,'21','21','21',to_date('18/02/21','RR/MM/DD'));
Insert into USERS (USERNO,ID,USERNAME,PASSWORD,JOINDATE) values (29,'1','1','1',to_date('18/02/14','RR/MM/DD'));
Insert into USERS (USERNO,ID,USERNAME,PASSWORD,JOINDATE) values (31,'2','2','2',to_date('18/02/19','RR/MM/DD'));
--------------------------------------------------------
--  Constraints for Table COMMENTS
--------------------------------------------------------

  ALTER TABLE "COMMENTS" ADD PRIMARY KEY ("CMTNO")
  USING INDEX PCTFREE 10 INITRANS 2 MAXTRANS 255 
  STORAGE(INITIAL 65536 NEXT 1048576 MINEXTENTS 1 MAXEXTENTS 2147483645
  PCTINCREASE 0 FREELISTS 1 FREELIST GROUPS 1 BUFFER_POOL DEFAULT FLASH_CACHE DEFAULT CELL_FLASH_CACHE DEFAULT)
  TABLESPACE "SYSTEM"  ENABLE;
  ALTER TABLE "COMMENTS" MODIFY ("REGDATE" NOT NULL ENABLE);
  ALTER TABLE "COMMENTS" MODIFY ("CMTCONTENT" NOT NULL ENABLE);
--------------------------------------------------------
--  Constraints for Table CATEGORY
--------------------------------------------------------

  ALTER TABLE "CATEGORY" ADD PRIMARY KEY ("CATENO")
  USING INDEX PCTFREE 10 INITRANS 2 MAXTRANS 255 
  STORAGE(INITIAL 65536 NEXT 1048576 MINEXTENTS 1 MAXEXTENTS 2147483645
  PCTINCREASE 0 FREELISTS 1 FREELIST GROUPS 1 BUFFER_POOL DEFAULT FLASH_CACHE DEFAULT CELL_FLASH_CACHE DEFAULT)
  TABLESPACE "SYSTEM"  ENABLE;
  ALTER TABLE "CATEGORY" MODIFY ("REGDATE" NOT NULL ENABLE);
  ALTER TABLE "CATEGORY" MODIFY ("CATENAME" NOT NULL ENABLE);
--------------------------------------------------------
--  Constraints for Table BLOGS
--------------------------------------------------------

  ALTER TABLE "BLOGS" ADD PRIMARY KEY ("USERNO")
  USING INDEX PCTFREE 10 INITRANS 2 MAXTRANS 255 
  STORAGE(INITIAL 65536 NEXT 1048576 MINEXTENTS 1 MAXEXTENTS 2147483645
  PCTINCREASE 0 FREELISTS 1 FREELIST GROUPS 1 BUFFER_POOL DEFAULT FLASH_CACHE DEFAULT CELL_FLASH_CACHE DEFAULT)
  TABLESPACE "SYSTEM"  ENABLE;
  ALTER TABLE "BLOGS" MODIFY ("BLOGTITLE" NOT NULL ENABLE);
--------------------------------------------------------
--  Constraints for Table POST
--------------------------------------------------------

  ALTER TABLE "POST" ADD PRIMARY KEY ("POSTNO")
  USING INDEX PCTFREE 10 INITRANS 2 MAXTRANS 255 
  STORAGE(INITIAL 65536 NEXT 1048576 MINEXTENTS 1 MAXEXTENTS 2147483645
  PCTINCREASE 0 FREELISTS 1 FREELIST GROUPS 1 BUFFER_POOL DEFAULT FLASH_CACHE DEFAULT CELL_FLASH_CACHE DEFAULT)
  TABLESPACE "SYSTEM"  ENABLE;
  ALTER TABLE "POST" MODIFY ("REGDATE" NOT NULL ENABLE);
  ALTER TABLE "POST" MODIFY ("POSTTITLE" NOT NULL ENABLE);
--------------------------------------------------------
--  Constraints for Table USERS
--------------------------------------------------------

  ALTER TABLE "USERS" ADD UNIQUE ("ID")
  USING INDEX PCTFREE 10 INITRANS 2 MAXTRANS 255 
  STORAGE(INITIAL 65536 NEXT 1048576 MINEXTENTS 1 MAXEXTENTS 2147483645
  PCTINCREASE 0 FREELISTS 1 FREELIST GROUPS 1 BUFFER_POOL DEFAULT FLASH_CACHE DEFAULT CELL_FLASH_CACHE DEFAULT)
  TABLESPACE "SYSTEM"  ENABLE;
  ALTER TABLE "USERS" ADD PRIMARY KEY ("USERNO")
  USING INDEX PCTFREE 10 INITRANS 2 MAXTRANS 255 
  STORAGE(INITIAL 65536 NEXT 1048576 MINEXTENTS 1 MAXEXTENTS 2147483645
  PCTINCREASE 0 FREELISTS 1 FREELIST GROUPS 1 BUFFER_POOL DEFAULT FLASH_CACHE DEFAULT CELL_FLASH_CACHE DEFAULT)
  TABLESPACE "SYSTEM"  ENABLE;
  ALTER TABLE "USERS" MODIFY ("JOINDATE" NOT NULL ENABLE);
  ALTER TABLE "USERS" MODIFY ("PASSWORD" NOT NULL ENABLE);
  ALTER TABLE "USERS" MODIFY ("USERNAME" NOT NULL ENABLE);
  ALTER TABLE "USERS" MODIFY ("ID" NOT NULL ENABLE);
--------------------------------------------------------
--  Constraints for Table BLOG
--------------------------------------------------------

  ALTER TABLE "BLOG" ADD PRIMARY KEY ("USERNO")
  USING INDEX PCTFREE 10 INITRANS 2 MAXTRANS 255 
  STORAGE(INITIAL 65536 NEXT 1048576 MINEXTENTS 1 MAXEXTENTS 2147483645
  PCTINCREASE 0 FREELISTS 1 FREELIST GROUPS 1 BUFFER_POOL DEFAULT FLASH_CACHE DEFAULT CELL_FLASH_CACHE DEFAULT)
  TABLESPACE "SYSTEM"  ENABLE;
  ALTER TABLE "BLOG" MODIFY ("BLOGTITLE" NOT NULL ENABLE);
--------------------------------------------------------
--  Ref Constraints for Table BLOG
--------------------------------------------------------

  ALTER TABLE "BLOG" ADD CONSTRAINT "FK_USERNO" FOREIGN KEY ("USERNO")
	  REFERENCES "USERS" ("USERNO") ENABLE;
--------------------------------------------------------
--  Ref Constraints for Table CATEGORY
--------------------------------------------------------

  ALTER TABLE "CATEGORY" ADD CONSTRAINT "FK_USERNO_2" FOREIGN KEY ("USERNO")
	  REFERENCES "BLOG" ("USERNO") ENABLE;
--------------------------------------------------------
--  Ref Constraints for Table COMMENTS
--------------------------------------------------------

  ALTER TABLE "COMMENTS" ADD CONSTRAINT "FK_POSTNO" FOREIGN KEY ("POSTNO")
	  REFERENCES "POST" ("POSTNO") ENABLE;
--------------------------------------------------------
--  Ref Constraints for Table POST
--------------------------------------------------------

  ALTER TABLE "POST" ADD CONSTRAINT "FK_CATENO" FOREIGN KEY ("CATENO")
	  REFERENCES "CATEGORY" ("CATENO") ENABLE;
