--------------------------------------------------------
--  파일이 생성됨 - 목요일-2월-22-2018   
--------------------------------------------------------
--------------------------------------------------------
--  DDL for Table BLOG
--------------------------------------------------------

  CREATE TABLE "JBLOG"."BLOG" 
   (	"USERNO" NUMBER, 
	"BLOGTITLE" VARCHAR2(200 BYTE), 
	"LOGOFILE" VARCHAR2(200 BYTE)
   ) SEGMENT CREATION IMMEDIATE 
  PCTFREE 10 PCTUSED 40 INITRANS 1 MAXTRANS 255 NOCOMPRESS LOGGING
  STORAGE(INITIAL 65536 NEXT 1048576 MINEXTENTS 1 MAXEXTENTS 2147483645
  PCTINCREASE 0 FREELISTS 1 FREELIST GROUPS 1 BUFFER_POOL DEFAULT FLASH_CACHE DEFAULT CELL_FLASH_CACHE DEFAULT)
  TABLESPACE "SYSTEM" ;
--------------------------------------------------------
--  DDL for Table BLOGS
--------------------------------------------------------

  CREATE TABLE "JBLOG"."BLOGS" 
   (	"USERNO" NUMBER, 
	"BLOGTITLE" VARCHAR2(200 BYTE), 
	"LOGOFILE" VARCHAR2(200 BYTE)
   ) SEGMENT CREATION IMMEDIATE 
  PCTFREE 10 PCTUSED 40 INITRANS 1 MAXTRANS 255 NOCOMPRESS LOGGING
  STORAGE(INITIAL 65536 NEXT 1048576 MINEXTENTS 1 MAXEXTENTS 2147483645
  PCTINCREASE 0 FREELISTS 1 FREELIST GROUPS 1 BUFFER_POOL DEFAULT FLASH_CACHE DEFAULT CELL_FLASH_CACHE DEFAULT)
  TABLESPACE "SYSTEM" ;
--------------------------------------------------------
--  DDL for Table CATEGORY
--------------------------------------------------------

  CREATE TABLE "JBLOG"."CATEGORY" 
   (	"CATENO" NUMBER, 
	"USERNO" NUMBER, 
	"CATENAME" VARCHAR2(200 BYTE), 
	"DESCRIPTION" VARCHAR2(500 BYTE), 
	"REGDATE" DATE
   ) SEGMENT CREATION IMMEDIATE 
  PCTFREE 10 PCTUSED 40 INITRANS 1 MAXTRANS 255 NOCOMPRESS LOGGING
  STORAGE(INITIAL 65536 NEXT 1048576 MINEXTENTS 1 MAXEXTENTS 2147483645
  PCTINCREASE 0 FREELISTS 1 FREELIST GROUPS 1 BUFFER_POOL DEFAULT FLASH_CACHE DEFAULT CELL_FLASH_CACHE DEFAULT)
  TABLESPACE "SYSTEM" ;
--------------------------------------------------------
--  DDL for Table COMMENTS
--------------------------------------------------------

  CREATE TABLE "JBLOG"."COMMENTS" 
   (	"CMTNO" NUMBER, 
	"POSTNO" NUMBER, 
	"USERNO" NUMBER, 
	"CMTCONTENT" VARCHAR2(1000 BYTE), 
	"REGDATE" DATE
   ) SEGMENT CREATION IMMEDIATE 
  PCTFREE 10 PCTUSED 40 INITRANS 1 MAXTRANS 255 NOCOMPRESS LOGGING
  STORAGE(INITIAL 65536 NEXT 1048576 MINEXTENTS 1 MAXEXTENTS 2147483645
  PCTINCREASE 0 FREELISTS 1 FREELIST GROUPS 1 BUFFER_POOL DEFAULT FLASH_CACHE DEFAULT CELL_FLASH_CACHE DEFAULT)
  TABLESPACE "SYSTEM" ;
--------------------------------------------------------
--  DDL for Table POST
--------------------------------------------------------

  CREATE TABLE "JBLOG"."POST" 
   (	"POSTNO" NUMBER, 
	"CATENO" NUMBER, 
	"POSTTITLE" VARCHAR2(300 BYTE), 
	"POSTCONTENT" VARCHAR2(4000 BYTE), 
	"REGDATE" DATE
   ) SEGMENT CREATION IMMEDIATE 
  PCTFREE 10 PCTUSED 40 INITRANS 1 MAXTRANS 255 NOCOMPRESS LOGGING
  STORAGE(INITIAL 65536 NEXT 1048576 MINEXTENTS 1 MAXEXTENTS 2147483645
  PCTINCREASE 0 FREELISTS 1 FREELIST GROUPS 1 BUFFER_POOL DEFAULT FLASH_CACHE DEFAULT CELL_FLASH_CACHE DEFAULT)
  TABLESPACE "SYSTEM" ;
--------------------------------------------------------
--  DDL for Table USERS
--------------------------------------------------------

  CREATE TABLE "JBLOG"."USERS" 
   (	"USERNO" NUMBER, 
	"ID" VARCHAR2(50 BYTE), 
	"USERNAME" VARCHAR2(100 BYTE), 
	"PASSWORD" VARCHAR2(50 BYTE), 
	"JOINDATE" DATE
   ) SEGMENT CREATION IMMEDIATE 
  PCTFREE 10 PCTUSED 40 INITRANS 1 MAXTRANS 255 NOCOMPRESS LOGGING
  STORAGE(INITIAL 65536 NEXT 1048576 MINEXTENTS 1 MAXEXTENTS 2147483645
  PCTINCREASE 0 FREELISTS 1 FREELIST GROUPS 1 BUFFER_POOL DEFAULT FLASH_CACHE DEFAULT CELL_FLASH_CACHE DEFAULT)
  TABLESPACE "SYSTEM" ;
--------------------------------------------------------
--  DDL for Sequence SEQ_CATEGORY_NO
--------------------------------------------------------

   CREATE SEQUENCE  "JBLOG"."SEQ_CATEGORY_NO"  MINVALUE 1 MAXVALUE 9999999999999999999999999999 INCREMENT BY 1 START WITH 61 CACHE 20 NOORDER  NOCYCLE ;
--------------------------------------------------------
--  DDL for Sequence SEQ_COMMENTS_NO
--------------------------------------------------------

   CREATE SEQUENCE  "JBLOG"."SEQ_COMMENTS_NO"  MINVALUE 1 MAXVALUE 9999999999999999999999999999 INCREMENT BY 1 START WITH 21 CACHE 20 NOORDER  NOCYCLE ;
--------------------------------------------------------
--  DDL for Sequence SEQ_POST_NO
--------------------------------------------------------

   CREATE SEQUENCE  "JBLOG"."SEQ_POST_NO"  MINVALUE 1 MAXVALUE 9999999999999999999999999999 INCREMENT BY 1 START WITH 21 CACHE 20 NOORDER  NOCYCLE ;
--------------------------------------------------------
--  DDL for Sequence SEQ_USERS_NO
--------------------------------------------------------

   CREATE SEQUENCE  "JBLOG"."SEQ_USERS_NO"  MINVALUE 1 MAXVALUE 9999999999999999999999999999 INCREMENT BY 1 START WITH 81 CACHE 20 NOORDER  NOCYCLE ;
REM INSERTING into JBLOG.BLOG
SET DEFINE OFF;
Insert into JBLOG.BLOG (USERNO,BLOGTITLE,LOGOFILE) values (31,'2','e1a4f28e-601c-48b6-b8d6-8e54c6659dde.jpg');
Insert into JBLOG.BLOG (USERNO,BLOGTITLE,LOGOFILE) values (36,'36의 블로그입니다.',null);
Insert into JBLOG.BLOG (USERNO,BLOGTITLE,LOGOFILE) values (29,'우왕','6d306d65-eda6-452b-add5-9f8f114b61b6.png');
Insert into JBLOG.BLOG (USERNO,BLOGTITLE,LOGOFILE) values (37,'37의 블로그입니다.',null);
Insert into JBLOG.BLOG (USERNO,BLOGTITLE,LOGOFILE) values (38,'6의 블로그입니다.',null);
Insert into JBLOG.BLOG (USERNO,BLOGTITLE,LOGOFILE) values (39,'56의 블로그입니다.',null);
Insert into JBLOG.BLOG (USERNO,BLOGTITLE,LOGOFILE) values (40,'2134의 블로그입니다.',null);
Insert into JBLOG.BLOG (USERNO,BLOGTITLE,LOGOFILE) values (42,'12의 블로그입니다.',null);
Insert into JBLOG.BLOG (USERNO,BLOGTITLE,LOGOFILE) values (43,'e의 블로그입니다.',null);
Insert into JBLOG.BLOG (USERNO,BLOGTITLE,LOGOFILE) values (44,'ee의 블로그입니다.',null);
Insert into JBLOG.BLOG (USERNO,BLOGTITLE,LOGOFILE) values (45,'222의 블로그입니다.',null);
Insert into JBLOG.BLOG (USERNO,BLOGTITLE,LOGOFILE) values (46,'22222의 블로그입니다.',null);
Insert into JBLOG.BLOG (USERNO,BLOGTITLE,LOGOFILE) values (48,'23의 블로그입니다.',null);
Insert into JBLOG.BLOG (USERNO,BLOGTITLE,LOGOFILE) values (49,'aset의 블로그입니다.',null);
Insert into JBLOG.BLOG (USERNO,BLOGTITLE,LOGOFILE) values (61,'21의 블로그입니다.',null);
REM INSERTING into JBLOG.BLOGS
SET DEFINE OFF;
REM INSERTING into JBLOG.CATEGORY
SET DEFINE OFF;
Insert into JBLOG.CATEGORY (CATENO,USERNO,CATENAME,DESCRIPTION,REGDATE) values (1,29,'미분류',null,to_date('18/02/14','RR/MM/DD'));
Insert into JBLOG.CATEGORY (CATENO,USERNO,CATENAME,DESCRIPTION,REGDATE) values (2,29,'2','2',to_date('18/02/19','RR/MM/DD'));
Insert into JBLOG.CATEGORY (CATENO,USERNO,CATENAME,DESCRIPTION,REGDATE) values (4,31,'2','2',to_date('18/02/19','RR/MM/DD'));
Insert into JBLOG.CATEGORY (CATENO,USERNO,CATENAME,DESCRIPTION,REGDATE) values (9,37,'미분류',null,to_date('18/02/19','RR/MM/DD'));
Insert into JBLOG.CATEGORY (CATENO,USERNO,CATENAME,DESCRIPTION,REGDATE) values (6,31,'134',null,to_date('18/02/19','RR/MM/DD'));
Insert into JBLOG.CATEGORY (CATENO,USERNO,CATENAME,DESCRIPTION,REGDATE) values (7,29,'나도분류해야지','야호',to_date('18/02/19','RR/MM/DD'));
Insert into JBLOG.CATEGORY (CATENO,USERNO,CATENAME,DESCRIPTION,REGDATE) values (8,36,'미분류',null,to_date('18/02/19','RR/MM/DD'));
Insert into JBLOG.CATEGORY (CATENO,USERNO,CATENAME,DESCRIPTION,REGDATE) values (10,38,'미분류',null,to_date('18/02/19','RR/MM/DD'));
Insert into JBLOG.CATEGORY (CATENO,USERNO,CATENAME,DESCRIPTION,REGDATE) values (11,31,'2','2',to_date('18/02/19','RR/MM/DD'));
Insert into JBLOG.CATEGORY (CATENO,USERNO,CATENAME,DESCRIPTION,REGDATE) values (18,39,'미분류',null,to_date('18/02/20','RR/MM/DD'));
Insert into JBLOG.CATEGORY (CATENO,USERNO,CATENAME,DESCRIPTION,REGDATE) values (13,31,'4','4',to_date('18/02/19','RR/MM/DD'));
Insert into JBLOG.CATEGORY (CATENO,USERNO,CATENAME,DESCRIPTION,REGDATE) values (17,31,'2','2',to_date('18/02/20','RR/MM/DD'));
Insert into JBLOG.CATEGORY (CATENO,USERNO,CATENAME,DESCRIPTION,REGDATE) values (15,31,'5','5',to_date('18/02/19','RR/MM/DD'));
Insert into JBLOG.CATEGORY (CATENO,USERNO,CATENAME,DESCRIPTION,REGDATE) values (16,31,'as','as',to_date('18/02/19','RR/MM/DD'));
Insert into JBLOG.CATEGORY (CATENO,USERNO,CATENAME,DESCRIPTION,REGDATE) values (19,40,'미분류',null,to_date('18/02/20','RR/MM/DD'));
Insert into JBLOG.CATEGORY (CATENO,USERNO,CATENAME,DESCRIPTION,REGDATE) values (20,42,'미분류',null,to_date('18/02/20','RR/MM/DD'));
Insert into JBLOG.CATEGORY (CATENO,USERNO,CATENAME,DESCRIPTION,REGDATE) values (29,43,'미분류',null,to_date('18/02/20','RR/MM/DD'));
Insert into JBLOG.CATEGORY (CATENO,USERNO,CATENAME,DESCRIPTION,REGDATE) values (28,31,'18','18',to_date('18/02/20','RR/MM/DD'));
Insert into JBLOG.CATEGORY (CATENO,USERNO,CATENAME,DESCRIPTION,REGDATE) values (30,44,'미분류',null,to_date('18/02/20','RR/MM/DD'));
Insert into JBLOG.CATEGORY (CATENO,USERNO,CATENAME,DESCRIPTION,REGDATE) values (31,45,'미분류',null,to_date('18/02/20','RR/MM/DD'));
Insert into JBLOG.CATEGORY (CATENO,USERNO,CATENAME,DESCRIPTION,REGDATE) values (32,46,'미분류',null,to_date('18/02/20','RR/MM/DD'));
Insert into JBLOG.CATEGORY (CATENO,USERNO,CATENAME,DESCRIPTION,REGDATE) values (33,48,'미분류',null,to_date('18/02/20','RR/MM/DD'));
Insert into JBLOG.CATEGORY (CATENO,USERNO,CATENAME,DESCRIPTION,REGDATE) values (34,49,'미분류',null,to_date('18/02/20','RR/MM/DD'));
Insert into JBLOG.CATEGORY (CATENO,USERNO,CATENAME,DESCRIPTION,REGDATE) values (41,61,'미분류',null,to_date('18/02/21','RR/MM/DD'));
REM INSERTING into JBLOG.COMMENTS
SET DEFINE OFF;
Insert into JBLOG.COMMENTS (CMTNO,POSTNO,USERNO,CMTCONTENT,REGDATE) values (1,15,31,'cmt 1',to_date('18/02/22','RR/MM/DD'));
Insert into JBLOG.COMMENTS (CMTNO,POSTNO,USERNO,CMTCONTENT,REGDATE) values (2,15,31,'cmt 2',to_date('18/02/22','RR/MM/DD'));
Insert into JBLOG.COMMENTS (CMTNO,POSTNO,USERNO,CMTCONTENT,REGDATE) values (3,15,31,'sdfsdf',to_date('18/02/22','RR/MM/DD'));
Insert into JBLOG.COMMENTS (CMTNO,POSTNO,USERNO,CMTCONTENT,REGDATE) values (4,2,31,'코멘트 1',to_date('18/02/22','RR/MM/DD'));
Insert into JBLOG.COMMENTS (CMTNO,POSTNO,USERNO,CMTCONTENT,REGDATE) values (5,2,36,'4번이 남긴 코멘트 1',to_date('18/02/22','RR/MM/DD'));
REM INSERTING into JBLOG.POST
SET DEFINE OFF;
Insert into JBLOG.POST (POSTNO,CATENO,POSTTITLE,POSTCONTENT,REGDATE) values (1,2,'hi','hi',to_date('18/02/19','RR/MM/DD'));
Insert into JBLOG.POST (POSTNO,CATENO,POSTTITLE,POSTCONTENT,REGDATE) values (2,7,'ㅎㅎㅎㅎ 첫글이다다다 야호','안녕하세요 박재현입니다.',to_date('18/02/19','RR/MM/DD'));
Insert into JBLOG.POST (POSTNO,CATENO,POSTTITLE,POSTCONTENT,REGDATE) values (3,6,'1','1',to_date('18/02/19','RR/MM/DD'));
Insert into JBLOG.POST (POSTNO,CATENO,POSTTITLE,POSTCONTENT,REGDATE) values (4,6,'2','2',to_date('18/02/19','RR/MM/DD'));
Insert into JBLOG.POST (POSTNO,CATENO,POSTTITLE,POSTCONTENT,REGDATE) values (5,6,'3','3',to_date('18/02/19','RR/MM/DD'));
Insert into JBLOG.POST (POSTNO,CATENO,POSTTITLE,POSTCONTENT,REGDATE) values (6,4,'4','4',to_date('18/02/19','RR/MM/DD'));
Insert into JBLOG.POST (POSTNO,CATENO,POSTTITLE,POSTCONTENT,REGDATE) values (7,4,'5','5',to_date('18/02/19','RR/MM/DD'));
Insert into JBLOG.POST (POSTNO,CATENO,POSTTITLE,POSTCONTENT,REGDATE) values (8,13,'4','44',to_date('18/02/20','RR/MM/DD'));
Insert into JBLOG.POST (POSTNO,CATENO,POSTTITLE,POSTCONTENT,REGDATE) values (9,16,'66','66',to_date('18/02/20','RR/MM/DD'));
Insert into JBLOG.POST (POSTNO,CATENO,POSTTITLE,POSTCONTENT,REGDATE) values (10,28,'18','18',to_date('18/02/20','RR/MM/DD'));
Insert into JBLOG.POST (POSTNO,CATENO,POSTTITLE,POSTCONTENT,REGDATE) values (11,28,'1234','1234',to_date('18/02/20','RR/MM/DD'));
Insert into JBLOG.POST (POSTNO,CATENO,POSTTITLE,POSTCONTENT,REGDATE) values (12,28,'3','엔<br>터<br>엔<br>터<br>',to_date('18/02/20','RR/MM/DD'));
Insert into JBLOG.POST (POSTNO,CATENO,POSTTITLE,POSTCONTENT,REGDATE) values (13,28,'d','ㅇ<br>ㅇ<br>ㅇ<br>',to_date('18/02/20','RR/MM/DD'));
Insert into JBLOG.POST (POSTNO,CATENO,POSTTITLE,POSTCONTENT,REGDATE) values (14,28,'2','ㄷㄷ
ㄷ
ㄷ
',to_date('18/02/20','RR/MM/DD'));
Insert into JBLOG.POST (POSTNO,CATENO,POSTTITLE,POSTCONTENT,REGDATE) values (15,28,'a','a<br>a<br>a<br>',to_date('18/02/20','RR/MM/DD'));
REM INSERTING into JBLOG.USERS
SET DEFINE OFF;
Insert into JBLOG.USERS (USERNO,ID,USERNAME,PASSWORD,JOINDATE) values (33,'3','3','3',to_date('18/02/19','RR/MM/DD'));
Insert into JBLOG.USERS (USERNO,ID,USERNAME,PASSWORD,JOINDATE) values (34,'99','99','99',to_date('18/02/19','RR/MM/DD'));
Insert into JBLOG.USERS (USERNO,ID,USERNAME,PASSWORD,JOINDATE) values (36,'4','4','4',to_date('18/02/19','RR/MM/DD'));
Insert into JBLOG.USERS (USERNO,ID,USERNAME,PASSWORD,JOINDATE) values (37,'5','5','5',to_date('18/02/19','RR/MM/DD'));
Insert into JBLOG.USERS (USERNO,ID,USERNAME,PASSWORD,JOINDATE) values (38,'6','6','6',to_date('18/02/19','RR/MM/DD'));
Insert into JBLOG.USERS (USERNO,ID,USERNAME,PASSWORD,JOINDATE) values (39,'56','5','56',to_date('18/02/20','RR/MM/DD'));
Insert into JBLOG.USERS (USERNO,ID,USERNAME,PASSWORD,JOINDATE) values (40,'2134','2','e',to_date('18/02/20','RR/MM/DD'));
Insert into JBLOG.USERS (USERNO,ID,USERNAME,PASSWORD,JOINDATE) values (42,'12','12','12',to_date('18/02/20','RR/MM/DD'));
Insert into JBLOG.USERS (USERNO,ID,USERNAME,PASSWORD,JOINDATE) values (43,'e','e','e',to_date('18/02/20','RR/MM/DD'));
Insert into JBLOG.USERS (USERNO,ID,USERNAME,PASSWORD,JOINDATE) values (44,'ee','e','er',to_date('18/02/20','RR/MM/DD'));
Insert into JBLOG.USERS (USERNO,ID,USERNAME,PASSWORD,JOINDATE) values (45,'222','2','2',to_date('18/02/20','RR/MM/DD'));
Insert into JBLOG.USERS (USERNO,ID,USERNAME,PASSWORD,JOINDATE) values (46,'22222','2','22',to_date('18/02/20','RR/MM/DD'));
Insert into JBLOG.USERS (USERNO,ID,USERNAME,PASSWORD,JOINDATE) values (48,'23','123','213',to_date('18/02/20','RR/MM/DD'));
Insert into JBLOG.USERS (USERNO,ID,USERNAME,PASSWORD,JOINDATE) values (49,'aset','ast','e',to_date('18/02/20','RR/MM/DD'));
Insert into JBLOG.USERS (USERNO,ID,USERNAME,PASSWORD,JOINDATE) values (61,'21','21','21',to_date('18/02/21','RR/MM/DD'));
Insert into JBLOG.USERS (USERNO,ID,USERNAME,PASSWORD,JOINDATE) values (29,'1','1','1',to_date('18/02/14','RR/MM/DD'));
Insert into JBLOG.USERS (USERNO,ID,USERNAME,PASSWORD,JOINDATE) values (31,'2','2','2',to_date('18/02/19','RR/MM/DD'));
--------------------------------------------------------
--  Constraints for Table COMMENTS
--------------------------------------------------------

  ALTER TABLE "JBLOG"."COMMENTS" ADD PRIMARY KEY ("CMTNO")
  USING INDEX PCTFREE 10 INITRANS 2 MAXTRANS 255 
  STORAGE(INITIAL 65536 NEXT 1048576 MINEXTENTS 1 MAXEXTENTS 2147483645
  PCTINCREASE 0 FREELISTS 1 FREELIST GROUPS 1 BUFFER_POOL DEFAULT FLASH_CACHE DEFAULT CELL_FLASH_CACHE DEFAULT)
  TABLESPACE "SYSTEM"  ENABLE;
  ALTER TABLE "JBLOG"."COMMENTS" MODIFY ("REGDATE" NOT NULL ENABLE);
  ALTER TABLE "JBLOG"."COMMENTS" MODIFY ("CMTCONTENT" NOT NULL ENABLE);
--------------------------------------------------------
--  Constraints for Table CATEGORY
--------------------------------------------------------

  ALTER TABLE "JBLOG"."CATEGORY" ADD PRIMARY KEY ("CATENO")
  USING INDEX PCTFREE 10 INITRANS 2 MAXTRANS 255 
  STORAGE(INITIAL 65536 NEXT 1048576 MINEXTENTS 1 MAXEXTENTS 2147483645
  PCTINCREASE 0 FREELISTS 1 FREELIST GROUPS 1 BUFFER_POOL DEFAULT FLASH_CACHE DEFAULT CELL_FLASH_CACHE DEFAULT)
  TABLESPACE "SYSTEM"  ENABLE;
  ALTER TABLE "JBLOG"."CATEGORY" MODIFY ("REGDATE" NOT NULL ENABLE);
  ALTER TABLE "JBLOG"."CATEGORY" MODIFY ("CATENAME" NOT NULL ENABLE);
--------------------------------------------------------
--  Constraints for Table BLOGS
--------------------------------------------------------

  ALTER TABLE "JBLOG"."BLOGS" ADD PRIMARY KEY ("USERNO")
  USING INDEX PCTFREE 10 INITRANS 2 MAXTRANS 255 
  STORAGE(INITIAL 65536 NEXT 1048576 MINEXTENTS 1 MAXEXTENTS 2147483645
  PCTINCREASE 0 FREELISTS 1 FREELIST GROUPS 1 BUFFER_POOL DEFAULT FLASH_CACHE DEFAULT CELL_FLASH_CACHE DEFAULT)
  TABLESPACE "SYSTEM"  ENABLE;
  ALTER TABLE "JBLOG"."BLOGS" MODIFY ("BLOGTITLE" NOT NULL ENABLE);
--------------------------------------------------------
--  Constraints for Table POST
--------------------------------------------------------

  ALTER TABLE "JBLOG"."POST" ADD PRIMARY KEY ("POSTNO")
  USING INDEX PCTFREE 10 INITRANS 2 MAXTRANS 255 
  STORAGE(INITIAL 65536 NEXT 1048576 MINEXTENTS 1 MAXEXTENTS 2147483645
  PCTINCREASE 0 FREELISTS 1 FREELIST GROUPS 1 BUFFER_POOL DEFAULT FLASH_CACHE DEFAULT CELL_FLASH_CACHE DEFAULT)
  TABLESPACE "SYSTEM"  ENABLE;
  ALTER TABLE "JBLOG"."POST" MODIFY ("REGDATE" NOT NULL ENABLE);
  ALTER TABLE "JBLOG"."POST" MODIFY ("POSTTITLE" NOT NULL ENABLE);
--------------------------------------------------------
--  Constraints for Table USERS
--------------------------------------------------------

  ALTER TABLE "JBLOG"."USERS" ADD UNIQUE ("ID")
  USING INDEX PCTFREE 10 INITRANS 2 MAXTRANS 255 
  STORAGE(INITIAL 65536 NEXT 1048576 MINEXTENTS 1 MAXEXTENTS 2147483645
  PCTINCREASE 0 FREELISTS 1 FREELIST GROUPS 1 BUFFER_POOL DEFAULT FLASH_CACHE DEFAULT CELL_FLASH_CACHE DEFAULT)
  TABLESPACE "SYSTEM"  ENABLE;
  ALTER TABLE "JBLOG"."USERS" ADD PRIMARY KEY ("USERNO")
  USING INDEX PCTFREE 10 INITRANS 2 MAXTRANS 255 
  STORAGE(INITIAL 65536 NEXT 1048576 MINEXTENTS 1 MAXEXTENTS 2147483645
  PCTINCREASE 0 FREELISTS 1 FREELIST GROUPS 1 BUFFER_POOL DEFAULT FLASH_CACHE DEFAULT CELL_FLASH_CACHE DEFAULT)
  TABLESPACE "SYSTEM"  ENABLE;
  ALTER TABLE "JBLOG"."USERS" MODIFY ("JOINDATE" NOT NULL ENABLE);
  ALTER TABLE "JBLOG"."USERS" MODIFY ("PASSWORD" NOT NULL ENABLE);
  ALTER TABLE "JBLOG"."USERS" MODIFY ("USERNAME" NOT NULL ENABLE);
  ALTER TABLE "JBLOG"."USERS" MODIFY ("ID" NOT NULL ENABLE);
--------------------------------------------------------
--  Constraints for Table BLOG
--------------------------------------------------------

  ALTER TABLE "JBLOG"."BLOG" ADD PRIMARY KEY ("USERNO")
  USING INDEX PCTFREE 10 INITRANS 2 MAXTRANS 255 
  STORAGE(INITIAL 65536 NEXT 1048576 MINEXTENTS 1 MAXEXTENTS 2147483645
  PCTINCREASE 0 FREELISTS 1 FREELIST GROUPS 1 BUFFER_POOL DEFAULT FLASH_CACHE DEFAULT CELL_FLASH_CACHE DEFAULT)
  TABLESPACE "SYSTEM"  ENABLE;
  ALTER TABLE "JBLOG"."BLOG" MODIFY ("BLOGTITLE" NOT NULL ENABLE);
--------------------------------------------------------
--  Ref Constraints for Table BLOG
--------------------------------------------------------

  ALTER TABLE "JBLOG"."BLOG" ADD CONSTRAINT "FK_USERNO" FOREIGN KEY ("USERNO")
	  REFERENCES "JBLOG"."USERS" ("USERNO") ENABLE;
--------------------------------------------------------
--  Ref Constraints for Table CATEGORY
--------------------------------------------------------

  ALTER TABLE "JBLOG"."CATEGORY" ADD CONSTRAINT "FK_USERNO_2" FOREIGN KEY ("USERNO")
	  REFERENCES "JBLOG"."BLOG" ("USERNO") ENABLE;
--------------------------------------------------------
--  Ref Constraints for Table COMMENTS
--------------------------------------------------------

  ALTER TABLE "JBLOG"."COMMENTS" ADD CONSTRAINT "F_POSTNO" FOREIGN KEY ("POSTNO")
	  REFERENCES "JBLOG"."POST" ("POSTNO") ENABLE;
  ALTER TABLE "JBLOG"."COMMENTS" ADD CONSTRAINT "F_USERNO_USERS" FOREIGN KEY ("USERNO")
	  REFERENCES "JBLOG"."USERS" ("USERNO") ENABLE;
--------------------------------------------------------
--  Ref Constraints for Table POST
--------------------------------------------------------

  ALTER TABLE "JBLOG"."POST" ADD CONSTRAINT "FK_CATENO" FOREIGN KEY ("CATENO")
	  REFERENCES "JBLOG"."CATEGORY" ("CATENO") ENABLE;
